{
    "fit_success": true,
    "Pi-pulse amplitude": {
        "__dtype__": "UFloat",
        "nominal_value": 0.49166426964264,
        "std_dev": 0.0014994351626216606
    },
    "fit_msg": "Summary\nPi-pulse amplitude: 491.7$\\pm$1.5 mV\nOscillation amplitude: 2.535$\\pm$0.024 mV\nOffset: 4.954$\\pm$0.019 mV\n",
    "fit_result": {
        "Rabi_oscillation": {
            "success": true,
            "message": "Fit succeeded.",
            "params": {
                "frequency": {
                    "name": "frequency",
                    "user_data": null,
                    "init_value": 0.9677419354838711,
                    "min": 0,
                    "max": Infinity,
                    "brute_step": null,
                    "stderr": 0.003101418693746077,
                    "correl": {
                        "amplitude": -0.10532574825545886,
                        "offset": 0.3745524014285631
                    },
                    "value": 1.0169541105019055
                },
                "amplitude": {
                    "name": "amplitude",
                    "user_data": null,
                    "init_value": 0.0026270397252508453,
                    "min": 0,
                    "max": Infinity,
                    "brute_step": null,
                    "stderr": 2.4347639234468885e-05,
                    "correl": {
                        "frequency": -0.10532574825545886,
                        "offset": 0.02196650341834239
                    },
                    "value": 0.0025354766359533265
                },
                "offset": {
                    "name": "offset",
                    "user_data": null,
                    "init_value": 0.004831296046469185,
                    "min": -Infinity,
                    "max": Infinity,
                    "brute_step": null,
                    "stderr": 1.8899756268669982e-05,
                    "correl": {
                        "frequency": 0.3745524014285631,
                        "amplitude": 0.02196650341834239
                    },
                    "value": 0.004953528559967075
                },
                "phase": {
                    "name": "phase",
                    "user_data": null,
                    "init_value": 3.141592653589793,
                    "min": -Infinity,
                    "max": Infinity,
                    "brute_step": null,
                    "stderr": 0.0,
                    "correl": null,
                    "value": 3.141592653589793
                },
                "amp180": {
                    "name": "amp180",
                    "user_data": null,
                    "init_value": 0.5166666666666666,
                    "min": -Infinity,
                    "max": Infinity,
                    "brute_step": null,
                    "stderr": 0.0014994351626216606,
                    "correl": null,
                    "value": 0.49166426964264
                }
            }
        }
    }
}