{
    "fit_success": true,
    "Pi-pulse amplitude": {
        "__dtype__": "UFloat",
        "nominal_value": 0.49249080239939985,
        "std_dev": 0.0012961603443821148
    },
    "fit_msg": "Summary\nPi-pulse amplitude: 492.5$\\pm$1.3 mV\nOscillation amplitude: 2.527$\\pm$0.021 mV\nOffset: 4.940$\\pm$0.016 mV\n",
    "fit_result": {
        "Rabi_oscillation": {
            "success": true,
            "message": "Fit succeeded.",
            "params": {
                "frequency": {
                    "name": "frequency",
                    "user_data": null,
                    "init_value": 0.9677419354838711,
                    "min": 0,
                    "max": Infinity,
                    "brute_step": null,
                    "stderr": 0.002671975581827254,
                    "correl": {
                        "amplitude": -0.1077086122626564,
                        "offset": 0.37604793331347813
                    },
                    "value": 1.0152473864770988
                },
                "amplitude": {
                    "name": "amplitude",
                    "user_data": null,
                    "init_value": 0.002583628152448487,
                    "min": 0,
                    "max": Infinity,
                    "brute_step": null,
                    "stderr": 2.095626744182601e-05,
                    "correl": {
                        "frequency": -0.1077086122626564,
                        "offset": 0.018903318720198525
                    },
                    "value": 0.0025272703501848515
                },
                "offset": {
                    "name": "offset",
                    "user_data": null,
                    "init_value": 0.004822561785548935,
                    "min": -Infinity,
                    "max": Infinity,
                    "brute_step": null,
                    "stderr": 1.62622277136231e-05,
                    "correl": {
                        "frequency": 0.37604793331347813,
                        "amplitude": 0.018903318720198525
                    },
                    "value": 0.004940436444489795
                },
                "phase": {
                    "name": "phase",
                    "user_data": null,
                    "init_value": 3.141592653589793,
                    "min": -Infinity,
                    "max": Infinity,
                    "brute_step": null,
                    "stderr": 0.0,
                    "correl": null,
                    "value": 3.141592653589793
                },
                "amp180": {
                    "name": "amp180",
                    "user_data": null,
                    "init_value": 0.5166666666666666,
                    "min": -Infinity,
                    "max": Infinity,
                    "brute_step": null,
                    "stderr": 0.0012961603443821148,
                    "correl": null,
                    "value": 0.49249080239939985
                }
            }
        }
    }
}