{
    "fit_success": true,
    "Pi-pulse amplitude": {
        "__dtype__": "UFloat",
        "nominal_value": 0.49188596550312114,
        "std_dev": 0.003014261463034249
    },
    "fit_msg": "Summary\nPi-pulse amplitude: 491.9$\\pm$3.0 mV\nOscillation amplitude: 2.238$\\pm$0.043 mV\nOffset: 4.681$\\pm$0.034 mV\n",
    "fit_result": {
        "Rabi_oscillation": {
            "success": true,
            "message": "Fit succeeded.",
            "params": {
                "frequency": {
                    "name": "frequency",
                    "user_data": null,
                    "init_value": 0.9677419354838711,
                    "min": 0,
                    "max": Infinity,
                    "brute_step": null,
                    "stderr": 0.006229053521776622,
                    "correl": {
                        "amplitude": -0.10597176803091021,
                        "offset": 0.3749592052322897
                    },
                    "value": 1.016495763379993
                },
                "amplitude": {
                    "name": "amplitude",
                    "user_data": null,
                    "init_value": 0.0024020241663147528,
                    "min": 0,
                    "max": Infinity,
                    "brute_step": null,
                    "stderr": 4.319946606652402e-05,
                    "correl": {
                        "frequency": -0.10597176803091021,
                        "offset": 0.021141527257800368
                    },
                    "value": 0.0022384896798697262
                },
                "offset": {
                    "name": "offset",
                    "user_data": null,
                    "init_value": 0.004574199011516349,
                    "min": -Infinity,
                    "max": Infinity,
                    "brute_step": null,
                    "stderr": 3.353073583601362e-05,
                    "correl": {
                        "frequency": 0.3749592052322897,
                        "amplitude": 0.021141527257800368
                    },
                    "value": 0.004681173600632466
                },
                "phase": {
                    "name": "phase",
                    "user_data": null,
                    "init_value": 3.141592653589793,
                    "min": -Infinity,
                    "max": Infinity,
                    "brute_step": null,
                    "stderr": 0.0,
                    "correl": null,
                    "value": 3.141592653589793
                },
                "amp180": {
                    "name": "amp180",
                    "user_data": null,
                    "init_value": 0.5166666666666666,
                    "min": -Infinity,
                    "max": Infinity,
                    "brute_step": null,
                    "stderr": 0.003014261463034249,
                    "correl": null,
                    "value": 0.49188596550312114
                }
            }
        }
    }
}