{
    "best_fit": "hanger_func_complex_SI",
    "fit_success": true,
    "f_min": {
        "__dtype__": "UFloat",
        "nominal_value": 7095776170.530159,
        "std_dev": 10000.0
    },
    "Qi": {
        "__dtype__": "UFloat",
        "nominal_value": 163153.6016247233,
        "std_dev": 4654.955779523636
    },
    "Qe": {
        "__dtype__": "UFloat",
        "nominal_value": 18310.03150275891,
        "std_dev": 69.02743433215151
    },
    "Ql": {
        "__dtype__": "UFloat",
        "nominal_value": 16507.7029262707,
        "std_dev": 80.22065152279117
    },
    "Qc": {
        "__dtype__": "UFloat",
        "nominal_value": 18365.94961656755,
        "std_dev": 69.45371056620147
    },
    "fr": {
        "__dtype__": "UFloat",
        "nominal_value": 7095790735.805359,
        "std_dev": 1044.5237724182682
    },
    "fit_msg": "Summary:\n$Q_I$: 163.2$\\pm$4.7 k\n$Q_C$: 18.366$\\pm$0.069 k\n$f_{res}$: 7.0957907$\\pm$1.0e-06 GHz\n$f_{opt}$: 7.0958 GHz",
    "fit_result": {
        "magnitude": {
            "success": true,
            "message": "Fit succeeded.",
            "params": {
                "fr": {
                    "name": "fr",
                    "user_data": null,
                    "init_value": 7095796170.530159,
                    "min": 7093796170.530159,
                    "max": 7097746170.530159,
                    "brute_step": null,
                    "stderr": 264.5629495862027,
                    "correl": {
                        "Ql": -0.029789140278960586,
                        "Qe": -0.0003130037288024137,
                        "A": -0.02230964679985303,
                        "theta": -0.888790627500561,
                        "alpha": -0.5709796421197426
                    },
                    "value": 7095786615.8720045
                },
                "Ql": {
                    "name": "Ql",
                    "user_data": null,
                    "init_value": 18246.333009934697,
                    "min": 179.64040938051036,
                    "max": Infinity,
                    "brute_step": null,
                    "stderr": 20.637406149321734,
                    "correl": {
                        "fr": -0.029789140278960586,
                        "Qe": 0.4897615163276347,
                        "A": -0.5373536720558295,
                        "theta": 0.022308522081786387,
                        "alpha": 0.0429642579550869
                    },
                    "value": 17216.62011021672
                },
                "Qe": {
                    "name": "Qe",
                    "user_data": null,
                    "init_value": 22301.073678809073,
                    "min": 0,
                    "max": Infinity,
                    "brute_step": null,
                    "stderr": 25.489205052474922,
                    "correl": {
                        "fr": -0.0003130037288024137,
                        "Ql": 0.4897615163276347,
                        "A": -0.377646635981658,
                        "theta": -0.04962859318230533,
                        "alpha": 0.03175956660699567
                    },
                    "value": 19516.215942644398
                },
                "A": {
                    "name": "A",
                    "user_data": null,
                    "init_value": 0.6052058538845172,
                    "min": 0.13264868016138598,
                    "max": 0.6270636413066897,
                    "brute_step": null,
                    "stderr": 0.00010075607257739036,
                    "correl": {
                        "fr": -0.02230964679985303,
                        "Ql": -0.5373536720558295,
                        "Qe": -0.377646635981658,
                        "theta": 0.04077581761676706,
                        "alpha": -0.0020438370987583554
                    },
                    "value": 0.6215853143028796
                },
                "theta": {
                    "name": "theta",
                    "user_data": null,
                    "init_value": 0,
                    "min": -6.283185307179586,
                    "max": 6.283185307179586,
                    "brute_step": null,
                    "stderr": 0.0009275829846009735,
                    "correl": {
                        "fr": -0.888790627500561,
                        "Ql": 0.022308522081786387,
                        "Qe": -0.04962859318230533,
                        "A": 0.04077581761676706,
                        "alpha": 0.661611628128935
                    },
                    "value": -0.06673579040329702
                },
                "alpha": {
                    "name": "alpha",
                    "user_data": null,
                    "init_value": 55.26672963459909,
                    "min": -Infinity,
                    "max": Infinity,
                    "brute_step": null,
                    "stderr": 1.0392820325809928,
                    "correl": {
                        "fr": -0.5709796421197426,
                        "Ql": 0.0429642579550869,
                        "Qe": 0.03175956660699567,
                        "A": -0.0020438370987583554,
                        "theta": 0.661611628128935
                    },
                    "value": 32.51124734416462
                },
                "Qi": {
                    "name": "Qi",
                    "user_data": null,
                    "init_value": 100354.83155464086,
                    "min": -Infinity,
                    "max": Infinity,
                    "brute_step": null,
                    "stderr": 1430.013757189197,
                    "correl": null,
                    "value": 143718.8849939894
                },
                "Qc": {
                    "name": "Qc",
                    "user_data": null,
                    "init_value": 22301.073678809073,
                    "min": -Infinity,
                    "max": Infinity,
                    "brute_step": null,
                    "stderr": 25.634876061918845,
                    "correl": null,
                    "value": 19559.756087203816
                }
            }
        },
        "hanger_func_complex_SI": {
            "success": true,
            "message": "Fit succeeded.",
            "params": {
                "fr": {
                    "name": "fr",
                    "user_data": null,
                    "init_value": 7095786615.8720045,
                    "min": 7095596170.530159,
                    "max": 7095946170.530159,
                    "brute_step": null,
                    "stderr": 1044.5237724182682,
                    "correl": {
                        "Ql": 0.0006473804951767248,
                        "Qe": -0.008056231473959539,
                        "A": -0.032181599811572675,
                        "theta": -0.8141451248539425,
                        "phi_v": 0.028806115459860077,
                        "phi_0": -0.9207402531248872,
                        "alpha": -0.43074056197404564
                    },
                    "value": 7095790735.805359
                },
                "Ql": {
                    "name": "Ql",
                    "user_data": null,
                    "init_value": 17216.62011021672,
                    "min": 2027.3676045348584,
                    "max": Infinity,
                    "brute_step": null,
                    "stderr": 80.22065152279117,
                    "correl": {
                        "fr": 0.0006473804951767248,
                        "Qe": 0.8141099453805298,
                        "A": -0.4425925520586853,
                        "theta": -0.009461766050905639,
                        "phi_v": 0.43066767738155015,
                        "phi_0": 0.014054386917832009,
                        "alpha": 0.027334408672893364
                    },
                    "value": 16507.7029262707
                },