{
    "best_fit": "hanger_func_complex_SI",
    "fit_success": true,
    "f_min": {
        "__dtype__": "UFloat",
        "nominal_value": 7096396170.530159,
        "std_dev": 10000.0
    },
    "Qi": {
        "__dtype__": "UFloat",
        "nominal_value": 101866.5978199339,
        "std_dev": 750.1953107671233
    },
    "Qe": {
        "__dtype__": "UFloat",
        "nominal_value": 17694.840324552875,
        "std_dev": 25.566201935237856
    },
    "Ql": {
        "__dtype__": "UFloat",
        "nominal_value": 15108.329408990014,
        "std_dev": 28.170497059487957
    },
    "Qc": {
        "__dtype__": "UFloat",
        "nominal_value": 17739.33647853359,
        "std_dev": 25.69619276894993
    },
    "fr": {
        "__dtype__": "UFloat",
        "nominal_value": 7096408999.895142,
        "std_dev": 437.1755459221232
    },
    "fit_msg": "Summary:\n$Q_I$: 101.87$\\pm$0.75 k\n$Q_C$: 17.739$\\pm$0.026 k\n$f_{res}$: 7.09640900$\\pm$4.4e-07 GHz\n$f_{opt}$: 7.0964 GHz",
    "fit_result": {
        "magnitude": {
            "success": true,
            "message": "Fit succeeded.",
            "params": {
                "fr": {
                    "name": "fr",
                    "user_data": null,
                    "init_value": 7096396170.530159,
                    "min": 7093796170.530159,
                    "max": 7097746170.530159,
                    "brute_step": null,
                    "stderr": 517.5121873932749,
                    "correl": {
                        "Ql": 0.12162435577997634,
                        "Qe": 0.09944800097980751,
                        "A": -0.23568686321419366,
                        "theta": -0.8896069041578113,
                        "alpha": -0.551057985133238
                    },
                    "value": 7096406760.22833
                },
                "Ql": {
                    "name": "Ql",
                    "user_data": null,
                    "init_value": 15966.891383692857,
                    "min": 179.6555992539281,
                    "max": Infinity,
                    "brute_step": null,
                    "stderr": 31.99073017302966,
                    "correl": {
                        "fr": 0.12162435577997634,
                        "Qe": 0.6448951363214317,
                        "A": -0.6332657962564495,
                        "theta": -0.15917481220450175,
                        "alpha": -0.33597665322661063
                    },
                    "value": 15116.163347533966
                },
                "Qe": {
                    "name": "Qe",
                    "user_data": null,
                    "init_value": 19515.089468957936,
                    "min": 0,
                    "max": Infinity,
                    "brute_step": null,
                    "stderr": 37.555987668604956,
                    "correl": {
                        "fr": 0.09944800097980751,
                        "Ql": 0.6448951363214317,
                        "A": -0.5253551317406964,
                        "theta": -0.16270170843523676,
                        "alpha": -0.2757594589723872
                    },
                    "value": 17739.501179844145
                },
                "A": {
                    "name": "A",
                    "user_data": null,
                    "init_value": 0.01078134817413523,
                    "min": 0.0022591751206477717,
                    "max": 0.011220744302873472,
                    "brute_step": null,
                    "stderr": 4.127235865499478e-06,
                    "correl": {
                        "fr": -0.23568686321419366,
                        "Ql": -0.6332657962564495,
                        "Qe": -0.5253551317406964,
                        "theta": 0.3030283268958941,
                        "alpha": 0.6083721783915275
                    },
                    "value": 0.01115846408884632
                },
                "theta": {
                    "name": "theta",
                    "user_data": null,
                    "init_value": 0,
                    "min": -6.283185307179586,
                    "max": 6.283185307179586,
                    "brute_step": null,
                    "stderr": 0.0016031643434433088,
                    "correl": {
                        "fr": -0.8896069041578113,
                        "Ql": -0.15917481220450175,
                        "Qe": -0.16270170843523676,
                        "A": 0.3030283268958941,
                        "alpha": 0.6546261348804685
                    },
                    "value": -0.06421571138687376
                },
                "alpha": {
                    "name": "alpha",
                    "user_data": null,
                    "init_value": 60.206277003929124,
                    "min": -Infinity,
                    "max": Infinity,
                    "brute_step": null,
                    "stderr": 1.881356553007576,
                    "correl": {
                        "fr": -0.551057985133238,
                        "Ql": -0.33597665322661063,
                        "Qe": -0.2757594589723872,
                        "A": 0.6083721783915275,
                        "theta": 0.6546261348804685
                    },
                    "value": 53.57949196686412
                },
                "Qi": {
                    "name": "Qi",
                    "user_data": null,
                    "init_value": 87817.9026103107,
                    "min": -Infinity,
                    "max": Infinity,
                    "brute_step": null,
                    "stderr": 1130.7997389921693,
                    "correl": null,
                    "value": 101018.57115674476
                },
                "Qc": {
                    "name": "Qc",
                    "user_data": null,
                    "init_value": 19515.089468957936,
                    "min": -Infinity,
                    "max": Infinity,
                    "brute_step": null,
                    "stderr": 37.97478367711056,
                    "correl": null,
                    "value": 17776.139943962135
                }
            }
        },
        "hanger_func_complex_SI": {
            "success": true,
            "message": "Fit succeeded.",
            "params": {
                "fr": {
                    "name": "fr",
                    "user_data": null,
                    "init_value": 7096406760.22833,
                    "min": 7096196170.530159,
                    "max": 7096596170.530159,
                    "brute_step": null,
                    "stderr": 437.1755459221232,
                    "correl": {
                        "Ql": 0.0005092488109988443,
                        "Qe": -0.03806132139214331,
                        "A": -0.12311374055239238,
                        "theta": -0.8259364963470017,
                        "phi_v": -0.2122132383539373,
                        "phi_0": -0.9210124102802115,
                        "alpha": -0.40511978479734656
                    },
                    "value": 7096408999.895142
                },
                "Ql": {
                    "name": "Ql",
                    "user_data": null,
                    "init_value": 15116.163347533966,
                    "min": 1774.1016900570824,
                    "max": Infinity,
                    "brute_step": null,
                    "stderr": 28.170497059487957,
                    "correl": {
                        "fr": 0.0005092488109988443,
                        "Qe": 0.8265178271174062,
                        "A": -0.502619815842929,
                        "theta": -0.03941083057790253,
                        "phi_v": 0.4074497952661548,
                        "phi_0": 0.05801197385446609,
                        "alpha": -0.21493024841826472
                    },
                    "value": 15108.329408990014
                },